Sample,Temp,Tank,Treatment,Week,MC,R,Pnet,Pgross,PRDAILY,cells,Necrosis,AvgT,Mortality
AC1.1,29,C1,Ctrl,1,A,0.056189985,0.113739404,0.169929389,1.512096764,7472.063056,0,2.289473684,0
AC1.2,29,C1,Ctrl,2,A,0.022371766,0.289128446,0.311500212,6.96190484,9017.540584,0,2.131578947,0
AC1.3,29,C1,Ctrl,3,A,0.064102062,0.154490582,0.218592644,1.705035978,4453.718572,0,2.763157895,0
AC1.4,29,C1,Ctrl,4,A,0.047842993,0.110552452,0.158395445,1.655367224,280.6965487,0,2,0
AC2.1,29,C2,Ctrl,1,A,0.211960846,0.11143945,0.323400296,0.762877442,5624.895682,0,1.394736842,0
AC2.2,29,C2,Ctrl,2,A,0.207239736,0.124627085,0.331866821,0.800683371,7440.170104,0,1.578947368,0
AC2.3,29,C2,Ctrl,3,A,0.144669163,0.073286352,0.217955515,0.753289473,4215.06242,0,1.368421053,0
AC2.4,29,C2,Ctrl,4,A,0.096279148,0.087897705,0.184176853,0.956473218,4476.232774,0,1.236842105,0
AE1.1,30,E1,Exp,1,A,0.048964452,0.433563143,0.482527595,4.927325593,1644.162635,0,0.973684211,0
AE1.2,31,E1,Exp,2,A,0.012517176,0.090874701,0.103391877,4.130000129,1841.204244,0,0.421052632,0
AE1.3,32A,E1,Exp,3,A,0.058102588,0.068800177,0.126902765,1.092057767,1437.71403,0,0,0
AE1.4,32B,E1,Exp,4,A,0.032656441,0.06640143,0.099057871,1.516666666,43.62799975,1,0,0
AE2.1,30,E2,Exp,1,A,0.080536982,0.088610371,0.169147353,1.050122247,2102.656768,0,1.394736842,0
AE2.2,31,E2,Exp,2,A,0.021455509,0.083114059,0.104569568,2.436893201,2334.272499,0,0.894736842,0
AE2.3,32A,E2,Exp,3,A,0.086732419,0.067629329,0.154361748,0.889873416,505.9421443,1,0.815789474,0
AE2.4,32B,E2,Exp,4,A,0.103158971,0.011283671,0.114442642,0.554690692,671.9875375,1,0,0
BC1.1,29,C1,Ctrl,1,B,0.107108566,0.352898745,0.460007311,2.147388058,3608.046569,0,2.736842105,0
BC1.2,29,C1,Ctrl,2,B,0.047519817,0.180224926,0.227744743,2.396313342,5044.583629,0,2.842105263,0
BC1.3,29,C1,Ctrl,3,B,0.082411179,0.18597213,0.268383309,1.628318586,2638.873949,0,2.894736842,0
BC1.4,29,C1,Ctrl,4,B,0.07341595,0.193070738,0.266486688,1.81491003,543.9049054,0,2.657894737,0
BC2.1,29,C2,Ctrl,1,B,0.125681419,0.065618199,0.191299618,0.761049722,4406.709446,0,0.842105263,0
BC2.2,29,C2,Ctrl,2,B,0.249674572,0.15076503,0.400439602,0.801923077,3274.281381,0,1.473684211,0
BC2.3,29,C2,Ctrl,3,B,0.306479567,0.084717929,0.391197496,0.638211382,2491.819816,0,0.526315789,0
BC2.4,29,C2,Ctrl,4,B,0.121304175,0.10623856,0.227542735,0.937901498,2425.762079,0,0.342105263,0
BE1.1,30,E1,Exp,1,B,0.045201184,0.379047491,0.424248675,4.692893387,1441.620861,0,0.894736842,0
BE1.2,31,E1,Exp,2,B,0.007817234,0.081611926,0.08942916,5.720000194,2588.750188,0,0,0
BE1.3,32A,E1,Exp,3,B,0.080073189,0.064552394,0.144625583,0.903083696,663.1455962,1,0,0
BE1.4,32B,E1,Exp,4,B,0.108956958,0.130748349,0.239705307,1.099999997,56.84429935,1,0,1
BE2.1,30,E2,Exp,1,B,0.045887604,0.080108868,0.125996472,1.372881356,1364.185227,0,0,0
BE2.2,31,E2,Exp,2,B,0.043169357,0.088911723,0.13208108,1.529801336,1818.913635,0,0,0
BE2.3,32A,E2,Exp,3,B,0.10299093,0.085407113,0.188398043,0.914634148,454.4923089,1,0,0
BE2.4,32B,E2,Exp,4,B,0.130522472,0.054054761,0.184577233,0.707070707,670.0857703,1,0,1
CC1.1,29,C1,Ctrl,1,C,0.098482648,0.423955791,0.522438439,2.652439032,4327.897575,0,2.921052632,0
CC1.2,29,C1,Ctrl,2,C,0.076623777,0.250173356,0.326797133,2.132478623,6100.152369,0,2.552631579,0
CC1.3,29,C1,Ctrl,3,C,0.037095654,0.093522847,0.130618501,1.760563394,5282.998343,0,2.710526316,0
CC1.4,29,C1,Ctrl,4,C,0.04266831,0.165691662,0.208359972,2.441624381,712.7265754,0,2.131578947,0
CC2.1,29,C2,Ctrl,1,C,0.074627814,0.002607085,0.077234899,0.517467248,4092.55568,0,1.684210526,0
CC2.2,29,C2,Ctrl,2,C,0.238873798,0.133365401,0.372239199,0.77915452,6494.253425,0,1.894736842,0
CC2.3,29,C2,Ctrl,3,C,0.036264089,0.146207597,0.182471686,2.515873017,3599.933237,0,2.263157895,0
CC2.4,29,C2,Ctrl,4,C,0.204104008,0.117407365,0.321511373,0.78761651,2535.556691,0,1.526315789,0
CE1.1,30,E1,Exp,1,C,0.040444669,0.332011888,0.372456557,4.604519782,2285.417027,0,1.368421053,0
CE1.2,31,E1,Exp,2,C,0.011346592,0.092919392,0.104265984,4.594594747,1570.607991,0,1.210526316,0
CE1.3,32A,E1,Exp,3,C,0.035029344,0.089046556,0.1240759,1.771028027,1287.661352,0,0.657894737,0
CE1.4,32B,E1,Exp,4,C,0.036838905,0.153904758,0.190743663,2.58888888,1167.509852,0,0,0
CE2.1,30,E2,Exp,1,C,0.135665007,0.147424553,0.28308956,1.04334038,2962.05033,0,1.473684211,0
CE2.2,31,E2,Exp,2,C,0.1157961,0.13770347,0.25349957,1.094594593,1503.130018,0,1.263157895,0
CE2.3,32A,E2,Exp,3,C,0.055709798,0.156356781,0.212066579,1.903314916,1330.583397,0,1.184210526,0
CE2.4,32B,E2,Exp,4,C,0.070591431,0.077209378,0.147800809,1.046875002,1190.261327,0,0.736842105,0
DC1.1,29,C1,Ctrl,1,D,0.150408631,0.197111948,0.347520579,1.155254777,3292.432468,0,2.921052632,0
DC1.2,29,C1,Ctrl,2,D,0.290304835,0.28696031,0.577265145,0.994239633,3870.84986,0,2.763157895,0
DC1.3,29,C1,Ctrl,3,D,0.139901588,0.209290979,0.349192567,1.247993579,3252.638019,0,2.605263158,0
DC1.4,29,C1,Ctrl,4,D,0.093887348,0.165592521,0.259479869,1.381868135,968.6396349,0,2.394736842,0
DC2.1,29,C2,Ctrl,1,D,0.035563416,0.167850261,0.203413677,2.859872586,5060.847971,0,2.315789474,0
DC2.2,29,C2,Ctrl,2,D,0.092857399,0.055865427,0.148722826,0.800813008,2154.167223,0,2.289473684,0
DC2.3,29,C2,Ctrl,3,D,0.063823331,0.3287086,0.392531931,3.075144503,5502.260674,0,2.157894737,0
DC2.4,29,C2,Ctrl,4,D,0.132338992,0.335025189,0.467364181,1.76578412,2621.738404,0,2.210526316,0
DE1.1,30,E1,Exp,1,D,0.278908124,0.102782494,0.381690618,0.684258695,1812.502063,0,1.578947368,0
DE1.2,31,E1,Exp,2,D,0.162161693,0.156531079,0.318692772,0.98263889,2565.612471,0,1.078947368,0
DE1.3,32A,E1,Exp,3,D,0.083919992,0.102925402,0.186845394,1.113235294,1710.21759,0,0.921052632,0
DE1.4,32B,E1,Exp,4,D,0.038502391,0.132847943,0.171350334,2.22519082,174.511999,0,0.631578947,0
DE2.1,30,E2,Exp,1,D,0.101325708,0.147115366,0.248441074,1.225952815,3232.834782,0,1.315789474,0
DE2.2,31,E2,Exp,2,D,0.13026998,0.05973845,0.19000843,0.729287093,4465.180348,0,0.947368421,0
DE2.3,32A,E2,Exp,3,D,0.023581286,0.300156078,0.323737364,6.864285603,996.8855368,0,0.894736842,0
DE2.4,32B,E2,Exp,4,D,0.011376431,0.063776963,0.075153394,3.303030362,683.6552538,0,0.5,0
EC1.1,29,C1,Ctrl,1,E,0.280073587,0.218643962,0.498717549,0.890333063,3462.730699,0,2.184210526,0
EC1.2,29,C1,Ctrl,2,E,0.103859787,0.112541565,0.216401352,1.041795666,3163.280718,0,1.763157895,0
EC1.3,29,C1,Ctrl,3,E,0.131677823,0.273717179,0.405395002,1.53934426,4292.826565,0,2.657894737,0
EC1.4,29,C1,Ctrl,4,E,0.207818684,0.14040859,0.348227274,0.837815126,775.1052423,0,2.815789474,0
EC2.1,29,C2,Ctrl,1,E,0.051067189,0.10179393,0.152861119,1.496666666,3019.863023,0,0.710526316,0
EC2.2,29,C2,Ctrl,2,E,0.091614424,0.155613017,0.247227441,1.349282298,510.1119971,0,0.868421053,0
EC2.3,29,C2,Ctrl,3,E,0.072040208,0.168888964,0.240929172,1.672185427,1973.853733,0,0.921052632,0
EC2.4,29,C2,Ctrl,4,E,0.168412437,0.18628113,0.354693567,1.053050396,2225.027987,0,1.447368421,0
EE1.1,30,E1,Exp,1,E,0.363406229,0.129546548,0.492952777,0.678239306,1319.160595,0,0.263157895,0
EE1.2,31,E1,Exp,2,E,0.135700337,0.154204928,0.289905265,1.068181817,4762.05443,0,0,0
EE1.3,32A,E1,Exp,3,E,0.124955905,0.119220225,0.24417613,0.977049184,516.7368282,1,0,0
EE1.4,32B,E1,Exp,4,E,0.026674883,0.082015311,0.108690194,2.037313416,108.0340805,0,0,1
EE2.1,30,E2,Exp,1,E,0.081852436,0.100982698,0.182835134,1.116858233,2026.278211,0,1.052631579,0
EE2.2,31,E2,Exp,2,E,0.115288648,0.11635944,0.231648088,1.004643961,1237.87178,1,0.947368421,0
EE2.3,32A,E2,Exp,3,E,0.071991324,0.140800712,0.212792036,1.477900559,487.3510943,1,0.789473684,0
EE2.4,32B,E2,Exp,4,E,0.097763771,0.145364109,0.24312788,1.243445693,1455.002996,0,0.657894737,0
FC1.1,29,C1,Ctrl,1,F,-0.022489931,0.305929209,0.283439278,-6.3014706,2975.888825,0,2.763157895,0
FC1.2,29,C1,Ctrl,2,F,0.499291499,0.437796119,0.937087618,0.938417357,3978.873577,0,2.815789474,0
FC1.3,29,C1,Ctrl,3,F,0.079655547,0.131152605,0.210808152,1.323248411,2449.456707,0,2.657894737,0
FC1.4,29,C1,Ctrl,4,F,0.190334013,0.105820923,0.296154936,0.777987422,1410.948077,0,2.526315789,0
FC2.1,29,C2,Ctrl,1,F,0.036288165,0.027028426,0.063316591,0.872413788,3628.244871,0,2.368421053,0
FC2.2,29,C2,Ctrl,2,F,0.117708425,0.124701004,0.242409429,1.029702967,3650.342731,0,2.105263158,0
FC2.3,29,C2,Ctrl,3,F,0.164062657,0.227298798,0.391361455,1.192719483,563.4570425,0,2.5,0
FC2.4,29,C2,Ctrl,4,F,0.119713692,0.150080092,0.269793784,1.126829269,4800.249624,0,2.447368421,0
FE1.1,30,E1,Exp,1,F,0.457383295,0.150035581,0.607418876,0.664015152,1683.52752,0,1.552631579,0
FE1.2,31,E1,Exp,2,F,0.1038762,0.117742578,0.221618778,1.066744731,2079.051058,0,1.105263158,0
FE1.3,32A,E1,Exp,3,F,0.149199666,0.133969454,0.28316912,0.948960301,1719.974169,0,1.157894737,0
FE1.4,32B,E1,Exp,4,F,0.082565716,0.125456997,0.208022713,1.25974026,755.4823248,1,0.315789474,0
FE2.1,30,E2,Exp,1,F,0.123678899,0.080218662,0.203897561,0.824302135,2519.953266,0,0,0
FE2.2,31,E2,Exp,2,F,0.029899559,-0.020799693,0.009099866,0.152173917,1736.809895,0,0,0
FE2.3,32A,E2,Exp,3,F,0.031328358,0.256575288,0.287903646,4.594936734,724.2545761,0,0,0
FE2.4,32B,E2,Exp,4,F,0.044417106,0.043162386,0.087579492,0.985875712,859.9394265,0,0,0
GC1.1,29,C1,Ctrl,1,G,0.135866621,0.063725052,0.199591673,0.734513273,2405.528143,0,2.526315789,0
GC1.2,29,C1,Ctrl,2,G,0.234835212,0.24920516,0.484040372,1.030595812,4496.450628,0,2.736842105,0
GC1.3,29,C1,Ctrl,3,G,0.190437826,0.195922786,0.386360612,1.014400921,3373.392816,0,2.710526316,0
GC1.4,29,C1,Ctrl,4,G,0.123139426,0.202857787,0.325997213,1.323691459,1001.730508,0,2.263157895,0
GC2.1,29,C2,Ctrl,1,G,0.151576498,0.098716735,0.250293233,0.825633381,4834.545314,0,1.710526316,0
GC2.2,29,C2,Ctrl,2,G,0.086232887,0.128885713,0.2151186,1.247311829,2310.961926,0,0.210526316,0
GC2.3,29,C2,Ctrl,3,G,0.371860079,0.143063566,0.514923645,0.692362093,729.4601558,0,0.263157895,0
GC2.4,29,C2,Ctrl,4,G,0.485944273,0.231334175,0.717278448,0.738025416,2150.742474,0,0.210526316,0
GE1.1,30,E1,Exp,1,G,0.050967806,0.17099699,0.221964796,2.177500009,1484.4135,0,0.710526316,0
GE1.2,31,E1,Exp,2,G,0.118155393,0.112263988,0.230419381,0.975069251,1511.35508,0,0.105263158,0
GE1.3,32A,E1,Exp,3,G,0.108173002,0.231651058,0.33982406,1.57074341,641.7538028,0,0,0
GE1.4,32B,E1,Exp,4,G,0.096333683,0.090755341,0.187089024,0.971046773,400.8940632,0,0,0
GE2.1,30,E2,Exp,1,G,0.167319209,0.110410232,0.277729441,0.829938901,3190.268003,0,0.368421053,0
GE2.2,31,E2,Exp,2,G,-0.002708635,0.000677159,-0.002031476,0.374999954,1688.006972,0,0,0
GE2.3,32A,E2,Exp,3,G,0.048366323,0.072683092,0.121049415,1.251381204,406.526036,0,0,0
GE2.4,32B,E2,Exp,4,G,0.055016307,0.052445452,0.107461759,0.976635518,1063.86994,0,0,0
HC1.1,29,C1,Ctrl,1,H,0.488197673,0.595939448,1.084137121,1.110346465,2344.454128,0,2.605263158,0
HC1.2,29,C1,Ctrl,2,H,0.02608216,0.299243711,0.325325871,6.236559223,4477.504793,0,2.894736842,0
HC1.3,29,C1,Ctrl,3,H,0.285785645,0.218919132,0.504704777,0.883012821,2249.658478,0,2.526315789,0
HC1.4,29,C1,Ctrl,4,H,0.127594316,0.072785761,0.200380077,0.785223368,438.0411278,0,2.368421053,0
HC2.1,29,C2,Ctrl,1,H,0.123513364,0.129002846,0.25251621,1.022222219,1233.759249,0,1.552631579,0
HC2.2,29,C2,Ctrl,2,H,0.081458523,0.083315883,0.164774406,1.011400649,1755.385402,0,1.342105263,0
HC2.3,29,C2,Ctrl,3,H,0.162510653,0.092974845,0.255485498,0.786057693,810.2743619,0,1.289473684,0
HC2.4,29,C2,Ctrl,4,H,0.108978416,0.104412836,0.213391252,0.979052825,1905.890887,0,1.342105263,0
HE1.1,30,E1,Exp,1,H,0.0651815,0.079216932,0.144398432,1.10766423,2817.509787,0,0.526315789,0
HE1.2,31,E1,Exp,2,H,0.119594672,0.094972239,0.214566911,0.897058821,1508.954051,0,0,0
HE1.3,32A,E1,Exp,3,H,0.108740252,0.296989506,0.405729758,1.8655914,1354.171187,0,0,0
HE1.4,32B,E1,Exp,4,H,0.046899272,0.087314774,0.134214046,1.430875579,1489.267653,0,0,0
HE2.1,30,E2,Exp,1,H,0.072029542,0.134399949,0.206429491,1.432950185,2030.883388,0,0.394736842,0
HE2.2,31,E2,Exp,2,H,0.053953547,0.025355219,0.079308766,0.734972679,349.023998,0,0,0
HE2.3,32A,E2,Exp,3,H,-0.007153736,0.058709974,0.051556238,-3.603448464,647.802896,0,0,0
HE2.4,32B,E2,Exp,4,H,0.064338227,0.029353249,0.093691476,0.728116707,465.84608,0,0,0
IC1.1,29,C1,Ctrl,1,I,0.22157614,0.108217581,0.329793721,0.744199536,2883.241723,0,2.894736842,0
IC1.2,29,C1,Ctrl,2,I,0.086278493,0.210051844,0.296330337,1.717289713,2462.174243,0,2.947368421,0
IC1.3,29,C1,Ctrl,3,I,0.12646303,0.087992764,0.214455794,0.847899161,3818.111009,0,2.894736842,0
IC1.4,29,C1,Ctrl,4,I,0.203130837,0.092910278,0.296041115,0.728695651,1203.115121,0,2.631578947,0
IC2.1,29,C2,Ctrl,1,I,0.046524745,0.111197439,0.157722184,1.695035448,3536.776513,0,1.342105263,0
IC2.2,29,C2,Ctrl,2,I,0.05042614,0.099622374,0.150048514,1.487804877,1955.657254,0,0.789473684,0
IC2.3,29,C2,Ctrl,3,I,0.214637244,0.17968863,0.394325874,0.91858679,1134.585386,0,0.842105263,0
IC2.4,29,C2,Ctrl,4,I,0.143395548,0.080482877,0.223878425,0.780632412,2562.15344,0,0.157894737,0
IE1.1,30,E1,Exp,1,I,0.061912112,0.178936739,0.240848851,1.945086698,2580.019341,0,0.736842105,0
IE1.2,31,E1,Exp,2,I,0.090976346,0.102258373,0.193234719,1.062005277,1909.313799,0,0.289473684,0
IE1.3,32A,E1,Exp,3,I,0.094775861,0.110216872,0.204992733,1.081460674,1602.768813,0,0,0
IE1.4,32B,E1,Exp,4,I,0.105529594,0.156014431,0.261544025,1.239197533,840.8762603,0,0,0
IE2.1,30,E2,Exp,1,I,0.065657355,0.113047139,0.178704494,1.360887093,1973.262506,0,0.921052632,0
IE2.2,31,E2,Exp,2,I,0.04667134,0.127598984,0.174270324,1.866995077,1823.65039,0,0.394736842,0
IE2.3,32A,E2,Exp,3,I,0.053695102,0.123476078,0.17717118,1.649789025,2260.723623,0,0,0
IE2.4,32B,E2,Exp,4,I,0.066209495,0.098319679,0.164529174,1.242489268,412.7462217,0,0,0
JC1.1,29,C1,Ctrl,1,J,0.134788975,0.131241897,0.266030872,0.986842106,3020.996605,0,2.710526316,0
JC1.2,29,C1,Ctrl,2,J,0.180544597,0.274456908,0.455001505,1.260080646,1636.984091,0,2.815789474,0
JC1.3,29,C1,Ctrl,3,J,0.117195483,0.142040272,0.259235755,1.105997212,4272.366586,0,2.815789474,0
JC1.4,29,C1,Ctrl,4,J,0.139099441,0.171001409,0.31010085,1.114673243,567.9332562,0,2.684210526,0
JC2.1,29,C2,Ctrl,1,J,0.106398269,0.199410205,0.305808474,1.437093276,4148.91091,0,1.947368421,0
JC2.2,29,C2,Ctrl,2,J,0.089923163,0.395308289,0.485231452,2.69803372,1683.11065,0,1.631578947,0
JC2.3,29,C2,Ctrl,3,J,0.1231089,0.12376027,0.24686917,1.002645503,729.6747661,0,1.657894737,0
JC2.4,29,C2,Ctrl,4,J,0.156506703,0.425198,0.581704703,1.858401883,2743.228186,0,0.526315789,0
JE1.1,30,E1,Exp,1,J,0.284508593,0.205939325,0.490447918,0.861921098,1391.606937,0,0.868421053,0
JE1.2,31,E1,Exp,2,J,0.053725977,0.098120601,0.151846578,1.413157903,2865.67072,0,0,0
JE1.3,32A,E1,Exp,3,J,0.065104166,0.150067694,0.21517186,1.652519902,2146.998797,0,0,0
JE1.4,32B,E1,Exp,4,J,0.110045654,0.083603589,0.193649243,0.879858658,710.9509165,0,0,0
JE2.1,30,E2,Exp,1,J,0.130943653,0.099472217,0.23041587,0.879828326,2611.773425,0,0.447368421,0
JE2.2,31,E2,Exp,2,J,0.028774784,0.090435035,0.119209819,2.071428564,305.2844177,0,0,0
JE2.3,32A,E2,Exp,3,J,0.087257222,0.138157269,0.225414491,1.291666671,297.3747068,1,0,0
JE2.4,32B,E2,Exp,4,J,0.015727077,0.040715654,0.056442731,1.794444416,100.8586458,0,0,0
